neighborhood,keyword
Houston — Central,Houston
Houston — Central,houston
Houston — Central,US
Houston — Central,central
Houston — Central,downtown
Houston — Central,city centre
Houston — Central,city center
Houston — Central,cbd
Houston — North,north Houston
Houston — North,Houston north
Houston — North,northern
Houston — South,south Houston
Houston — South,Houston south
Houston — South,southern
Houston — East,east Houston
Houston — East,Houston east
Houston — East,eastern
Houston — West,west Houston
Houston — West,Houston west
Houston — West,western
