city_stress_index,transit_load_score,weather_risk_score,precip_risk_score,disruption_ratio_score,active_cta_alerts,active_noaa_alerts,avg_precip_pct_next_periods,reroute_count,delay_count,city,snapshot_at,active_civic311_requests,active_transit_alerts,infrastructure_failure_risk,infrastructure_fatigue_risk,bridge_risk_score,road_surface_risk_score,data_refreshed_at,last_weather_ingest_at,last_transit_ingest_at,last_civic311_ingest_at,last_airport_ingest_at,airport_flight_category,airport_visibility_sm,airport_ops_stress,active_airport_stations,airport_stations_summary,trend_avg_interest,fred_series_count,open_infrastructure_requests,infrastructure_summary
59.44,34.44,25.0,0.0,0.0,0,147,0.0,0,0,barcelona,2026-05-24T14:10:01.584965+00:00,0.0,123.0,0.0,0.0,0.0,0.0,,,,,,,0.0,0.0,0.0,,0.0,0.0,0.0,
0.0,0.0,0.0,0.0,0.0,0,0,0.0,0,0,prague,2026-05-24T14:10:24.394600+00:00,0.0,0.0,0.0,0.0,0.0,0.0,,,,,,,0.0,0.0,0.0,,0.0,0.0,0.0,
0.0,0.0,0.0,0.0,0.0,0,0,0.0,0,0,riyadh,2026-05-24T14:10:24.977549+00:00,0.0,0.0,0.0,0.0,0.0,0.0,,,,,,,0.0,0.0,0.0,,0.0,0.0,0.0,
34.64,0.0,25.0,9.64,0.0,0,15,43.82,0,0,miami,2026-05-24T14:10:17.936308+00:00,0.0,0.0,0.0,0.0,0.0,0.0,,,,,,,0.0,0.0,0.0,,0.0,0.0,0.0,
1.38,0.0,0.0,1.38,0.0,0,0,6.29,0,0,beijing,2026-05-24T14:10:02.100708+00:00,0.0,0.0,0.0,0.0,0.0,0.0,,,,,,,0.0,0.0,0.0,,0.0,0.0,0.0,
0.0,0.0,0.0,0.0,0.0,0,0,0.0,0,0,copenhagen,2026-05-24T14:10:06.791639+00:00,0.0,0.0,0.0,0.0,0.0,0.0,,,,,,,0.0,0.0,0.0,,0.0,0.0,0.0,
25.0,0.0,25.0,0.0,0.0,0,44,0.0,0,0,lisbon,2026-05-24T14:10:14.133750+00:00,0.0,0.0,0.0,0.0,0.0,0.0,,,,,,,0.0,0.0,0.0,,0.0,0.0,0.0,
0.0,0.0,0.0,0.0,0.0,0,0,0.0,0,0,cairo,2026-05-24T14:10:05.595502+00:00,0.0,0.0,0.0,0.0,0.0,0.0,,,,,,,0.0,0.0,0.0,,0.0,0.0,0.0,
2.58,0.0,0.0,2.58,0.0,0,0,11.75,0,0,montreal,2026-05-24T14:10:18.969274+00:00,0.0,0.0,0.0,0.0,0.0,0.0,,,,,,,0.0,0.0,0.0,,0.0,0.0,0.0,
32.01,0.0,25.0,7.01,0.0,0,23,31.86,0,0,dallas,2026-05-24T14:10:07.534119+00:00,0.0,0.0,0.0,0.0,0.0,0.0,,,,,,,0.0,0.0,0.0,,0.0,0.0,0.0,
0.19,0.0,0.0,0.19,0.0,0,0,0.86,0,0,phoenix,2026-05-24T14:10:23.847472+00:00,0.0,0.0,0.0,0.0,0.0,0.0,,,,,,,0.0,0.0,0.0,,0.0,0.0,0.0,
9.14,0.0,0.0,9.14,0.0,0,0,41.54,0,0,bangalore,2026-05-24T14:10:00.490060+00:00,0.0,0.0,0.0,0.0,0.0,0.0,,,,,,,0.0,0.0,0.0,,0.0,0.0,0.0,
0.25,0.0,0.0,0.25,0.0,0,0,1.12,0,0,johannesburg,2026-05-24T14:10:12.210727+00:00,0.0,0.0,0.0,0.0,0.0,0.0,,,,,,,0.0,0.0,0.0,,0.0,0.0,0.0,
4.09,0.0,4.0,0.09,0.0,0,1,0.42,0,0,stockholm,2026-05-24T14:10:29.155768+00:00,0.0,0.0,0.0,0.0,0.0,0.0,,,,,,,0.0,0.0,0.0,,0.0,0.0,0.0,
33.99,0.0,25.0,8.99,0.0,0,23,40.86,0,0,houston,2026-05-24T14:10:10.858167+00:00,0.0,0.0,0.0,0.0,0.0,0.0,,,,,,,0.0,0.0,0.0,,0.0,0.0,0.0,
11.2,0.0,0.0,11.2,0.0,0,0,50.92,0,0,mumbai,2026-05-24T14:10:20.019359+00:00,0.0,0.0,0.0,0.0,0.0,0.0,,,,,,,0.0,0.0,0.0,,0.0,0.0,0.0,
45.129999999999995,0.0,25.0,5.13,0.0,0,10,23.33,0,0,nyc,2026-05-25T11:02:29.825292+00:00,300.0,0.0,100.0,100.0,0.0,9.0,,,,,,LIFR,0.25,13.0,7.0,Newark Liberty: LIFR; Westchester County: LIFR; Long Island MacArthur: LIFR; JFK: IFR; LaGuardia: LIFR; New York Stewart: LIFR,0.0,0.0,74.0,road 9; structural 20; 4 critical open
8.0,0.0,8.0,0.0,0.0,0,2,0.0,0,0,tel-aviv,2026-05-24T14:10:31.740315+00:00,0.0,0.0,0.0,0.0,0.0,0.0,,,,,,,0.0,0.0,0.0,,0.0,0.0,0.0,
8.65,0.0,0.0,8.65,0.0,0,0,39.33,0,0,manila,2026-05-24T14:10:16.422153+00:00,0.0,0.0,0.0,0.0,0.0,0.0,,,,,,,0.0,0.0,0.0,,0.0,0.0,0.0,
8.51,0.0,0.0,8.51,0.0,0,0,38.67,0,0,singapore,2026-05-25T11:02:30.987242+00:00,0.0,0.0,0.0,0.0,0.0,0.0,,,,,,VFR,0.0,5.0,2.0,Seletar: VFR; Changi: VFR,0.0,0.0,0.0,
6.0,0.0,0.0,6.0,0.0,0,0,27.29,0,0,kuala-lumpur,2026-05-24T14:10:12.688781+00:00,0.0,0.0,0.0,0.0,0.0,0.0,,,,,,,0.0,0.0,0.0,,0.0,0.0,0.0,
40.79,0.0,25.0,15.79,0.0,0,5,71.79,0,0,atlanta,2026-05-24T14:09:59.411897+00:00,0.0,0.0,0.0,0.0,0.0,0.0,,,,,,,0.0,0.0,0.0,,0.0,0.0,0.0,
16.0,0.0,16.0,0.0,0.0,0,4,0.0,0,0,paris,2026-05-25T11:02:30.415208+00:00,0.0,0.0,0.0,0.0,0.0,0.0,,,,,,VFR,0.0,5.0,4.0,Paris-Le Bourget: VFR; Paris Charles de Gaulle: VFR; Paris Orly: VFR; Lille (regional): VFR,0.0,0.0,0.0,
1.61,0.0,0.0,1.61,0.0,0,0,7.33,0,0,istanbul,2026-05-24T14:10:11.311893+00:00,0.0,0.0,0.0,0.0,0.0,0.0,,,,,,,0.0,0.0,0.0,,0.0,0.0,0.0,
0.0,0.0,0.0,0.0,0.0,0,0,0.0,0,0,brussels,2026-05-24T14:10:04.066513+00:00,0.0,0.0,0.0,0.0,0.0,0.0,,,,,,,0.0,0.0,0.0,,0.0,0.0,0.0,
0.0,0.0,0.0,0.0,0.0,0,0,0.0,0,0,lima,2026-05-24T14:10:13.621179+00:00,0.0,0.0,0.0,0.0,0.0,0.0,,,,,,,0.0,0.0,0.0,,0.0,0.0,0.0,
4.61,0.0,0.0,4.61,0.0,0,0,20.96,0,0,tokyo,2026-05-25T11:02:32.159414+00:00,0.0,0.0,0.0,0.0,0.0,0.0,,,,,,VFR,0.0,5.0,2.0,Narita: VFR; Haneda: VFR,0.0,0.0,0.0,
18.87,4.2,0.0,0.0,14.67,0,0,0.0,0,11,london,2026-05-25T11:02:28.674224+00:00,0.0,15.0,0.0,0.0,0.0,0.0,,,,,,VFR,0.0,5.0,6.0,Luton: VFR; Gatwick: VFR; London City: VFR; Heathrow: VFR; London Southend: VFR; Stansted: VFR,0.0,0.0,0.0,
4.57,0.0,0.0,4.57,0.0,0,0,20.75,0,0,moscow,2026-05-24T14:10:19.481972+00:00,0.0,0.0,0.0,0.0,0.0,0.0,,,,,,,0.0,0.0,0.0,,0.0,0.0,0.0,
27.14,0.0,25.0,2.14,0.0,0,11,9.71,0,0,helsinki,2026-05-24T14:10:10.006431+00:00,0.0,0.0,0.0,0.0,0.0,0.0,,,,,,,0.0,0.0,0.0,,0.0,0.0,0.0,
0.07,0.0,0.0,0.07,0.0,0,0,0.33,0,0,dublin,2026-05-24T14:10:09.586299+00:00,0.0,0.0,0.0,0.0,0.0,0.0,,,,,,,0.0,0.0,0.0,,0.0,0.0,0.0,
28.11,19.04,0.0,7.31,1.76,0,0,33.21,0,1,denver,2026-05-24T14:10:08.333895+00:00,0.0,68.0,0.0,0.0,0.0,0.0,,,,,,,0.0,0.0,0.0,,0.0,0.0,0.0,
7.14,0.0,0.0,7.14,0.0,0,0,32.46,0,0,hong-kong,2026-05-24T14:10:10.422300+00:00,0.0,0.0,0.0,0.0,0.0,0.0,,,,,,,0.0,0.0,0.0,,0.0,0.0,0.0,
24.7,0.28,24.0,0.42,0.0,0,2,1.93,0,0,san-francisco,2026-05-24T14:10:26.123783+00:00,0.0,1.0,0.0,0.0,0.0,0.0,,,,,,,0.0,0.0,0.0,,0.0,0.0,0.0,
63.64,38.64,25.0,0.0,0.0,0,147,0.0,0,0,madrid,2026-05-24T14:10:15.910401+00:00,0.0,138.0,0.0,0.0,0.0,0.0,,,,,,,0.0,0.0,0.0,,0.0,0.0,0.0,
0.0,0.0,0.0,0.0,0.0,0,0,0.0,0,0,delhi,2026-05-24T14:10:07.925361+00:00,0.0,0.0,0.0,0.0,0.0,0.0,,,,,,,0.0,0.0,0.0,,0.0,0.0,0.0,
17.34,0.0,0.0,17.34,0.0,0,0,78.83,0,0,shanghai,2026-05-24T14:10:27.913226+00:00,0.0,0.0,0.0,0.0,0.0,0.0,,,,,,,0.0,0.0,0.0,,0.0,0.0,0.0,
7.04,0.0,0.0,7.04,0.0,0,0,32.0,0,0,sydney,2026-05-25T11:02:31.571492+00:00,0.0,0.0,0.0,0.0,0.0,0.0,,,,,,MVFR,0.0,5.0,2.0,Canberra: VFR; Sydney Kingsford Smith: MVFR,0.0,0.0,0.0,
12.0,0.0,12.0,0.0,0.0,0,3,0.0,0,0,rome,2026-05-24T14:10:25.540283+00:00,0.0,0.0,0.0,0.0,0.0,0.0,,,,,,,0.0,0.0,0.0,,0.0,0.0,0.0,
0.78,0.0,0.0,0.78,0.0,0,0,3.54,0,0,taipei,2026-05-24T14:10:31.075964+00:00,0.0,0.0,0.0,0.0,0.0,0.0,,,,,,,0.0,0.0,0.0,,0.0,0.0,0.0,
4.92,0.0,0.0,4.92,0.0,0,0,22.38,0,0,warsaw,2026-05-24T14:10:35.186273+00:00,0.0,0.0,0.0,0.0,0.0,0.0,,,,,,,0.0,0.0,0.0,,0.0,0.0,0.0,
9.38,0.0,0.0,9.38,0.0,0,0,42.64,0,0,washington-dc,2026-05-24T14:10:36.013898+00:00,0.0,0.0,0.0,0.0,0.0,0.0,,,,,,,0.0,0.0,0.0,,0.0,0.0,0.0,
15.89,0.0,0.0,15.89,0.0,0,0,72.21,0,0,sao-paulo,2026-05-24T14:10:30.425261+00:00,0.0,0.0,0.0,0.0,0.0,0.0,,,,,,,0.0,0.0,0.0,,0.0,0.0,0.0,
10.97,0.0,4.0,6.97,0.0,0,1,31.68,0,0,philadelphia,2026-05-24T14:10:23.273167+00:00,0.0,0.0,0.0,0.0,0.0,0.0,,,,,,,0.0,0.0,0.0,,0.0,0.0,0.0,
12.0,0.0,12.0,0.0,0.0,0,3,0.0,0,0,berlin,2026-05-24T14:10:02.602434+00:00,0.0,0.0,0.0,0.0,0.0,0.0,,,,,,,0.0,0.0,0.0,,0.0,0.0,0.0,
14.46,0.0,0.0,14.46,0.0,0,0,65.73,0,0,bogota,2026-05-24T14:10:03.068207+00:00,0.0,0.0,0.0,0.0,0.0,0.0,,,,,,,0.0,0.0,0.0,,0.0,0.0,0.0,
2.13,0.0,0.0,2.13,0.0,0,0,9.67,0,0,nairobi,2026-05-24T14:10:21.074072+00:00,0.0,0.0,0.0,0.0,0.0,0.0,,,,,,,0.0,0.0,0.0,,0.0,0.0,0.0,
3.11,0.0,0.0,3.11,0.0,0,0,14.12,0,0,bangkok,2026-05-24T14:10:01.116719+00:00,0.0,0.0,0.0,0.0,0.0,0.0,,,,,,,0.0,0.0,0.0,,0.0,0.0,0.0,
0.0,0.0,0.0,0.0,0.0,0,0,0.0,0,0,doha,2026-05-24T14:10:08.751280+00:00,0.0,0.0,0.0,0.0,0.0,0.0,,,,,,,0.0,0.0,0.0,,0.0,0.0,0.0,
3.17,0.0,0.0,3.17,0.0,0,0,14.4,0,0,melbourne,2026-05-24T14:10:16.916320+00:00,0.0,0.0,0.0,0.0,0.0,0.0,,,,,,,0.0,0.0,0.0,,0.0,0.0,0.0,
12.0,0.0,12.0,0.0,0.0,0,3,0.0,0,0,munich,2026-05-24T14:10:20.547460+00:00,0.0,0.0,0.0,0.0,0.0,0.0,,,,,,,0.0,0.0,0.0,,0.0,0.0,0.0,
25.0,0.0,25.0,0.0,0.0,0,51,0.0,0,0,vienna,2026-05-24T14:10:34.462584+00:00,0.0,0.0,0.0,0.0,0.0,0.0,,,,,,,0.0,0.0,0.0,,0.0,0.0,0.0,
13.66,0.0,0.0,13.66,0.0,0,0,62.08,0,0,jakarta,2026-05-24T14:10:11.752335+00:00,0.0,0.0,0.0,0.0,0.0,0.0,,,,,,,0.0,0.0,0.0,,0.0,0.0,0.0,
7.97,0.0,0.0,7.97,0.0,0,0,36.23,0,0,mexico-city,2026-05-24T14:10:17.426481+00:00,0.0,0.0,0.0,0.0,0.0,0.0,,,,,,,0.0,0.0,0.0,,0.0,0.0,0.0,
0.0,0.0,0.0,0.0,0.0,0,0,0.0,0,0,budapest,2026-05-24T14:10:04.564149+00:00,0.0,0.0,0.0,0.0,0.0,0.0,,,,,,,0.0,0.0,0.0,,0.0,0.0,0.0,
25.17,0.0,25.0,0.17,0.0,0,15,0.76,0,0,la,2026-05-25T11:02:29.258819+00:00,0.0,0.0,0.0,0.0,0.0,0.0,,,,,,VFR,0.0,5.0,7.0,Hollywood Burbank: VFR; Los Angeles International: VFR; Long Beach: VFR; Ontario International: VFR; Palm Springs: VFR; John Wayne-Orange County: VFR,0.0,0.0,0.0,
12.0,0.0,12.0,0.0,0.0,0,3,0.0,0,0,milan,2026-05-24T14:10:18.452468+00:00,0.0,0.0,0.0,0.0,0.0,0.0,,,,,,,0.0,0.0,0.0,,0.0,0.0,0.0,
25.61,0.0,25.0,0.61,0.0,0,41,2.79,0,0,athens,2026-05-24T14:09:58.917051+00:00,0.0,0.0,0.0,0.0,0.0,0.0,,,,,,,0.0,0.0,0.0,,0.0,0.0,0.0,
0.67,0.0,0.0,0.67,0.0,0,0,3.04,0,0,auckland,2026-05-24T14:09:59.942279+00:00,0.0,0.0,0.0,0.0,0.0,0.0,,,,,,,0.0,0.0,0.0,,0.0,0.0,0.0,
0.0,0.0,0.0,0.0,0.0,0,0,0.0,0,0,zurich,2026-05-24T14:10:36.862200+00:00,0.0,0.0,0.0,0.0,0.0,0.0,,,,,,,0.0,0.0,0.0,,0.0,0.0,0.0,
0.38,0.0,0.0,0.38,0.0,0,0,1.73,0,0,buenos-aires,2026-05-24T14:10:05.081171+00:00,0.0,0.0,0.0,0.0,0.0,0.0,,,,,,,0.0,0.0,0.0,,0.0,0.0,0.0,
94.6,36.68,25.0,2.92,15.0,0,5,13.29,96,3,chicago,2026-05-25T11:02:27.480967+00:00,450.0,131.0,100.0,96.86,0.0,9.0,,,,,,VFR,0.0,5.0,6.0,DuPage: VFR; Midway International: VFR; O'Hare International: VFR; Chicago Executive: VFR; Chicago Rockford International: VFR; Waukegan National: VFR,0.0,0.0,34.0,road 9; structural 20; 5 critical open
8.5,0.0,0.0,8.5,0.0,0,0,38.62,0,0,lagos,2026-05-24T14:10:13.136164+00:00,0.0,0.0,0.0,0.0,0.0,0.0,,,,,,,0.0,0.0,0.0,,0.0,0.0,0.0,
0.0,0.0,0.0,0.0,0.0,0,0,0.0,0,0,seoul,2026-05-24T14:10:27.307515+00:00,0.0,0.0,0.0,0.0,0.0,0.0,,,,,,,0.0,0.0,0.0,,0.0,0.0,0.0,
25.0,0.0,25.0,0.0,0.0,0,13,0.0,0,0,oslo,2026-05-24T14:10:22.168464+00:00,0.0,0.0,0.0,0.0,0.0,0.0,,,,,,,0.0,0.0,0.0,,0.0,0.0,0.0,
7.35,0.0,0.0,7.35,0.0,0,0,33.4,0,0,toronto,2026-05-24T14:10:33.075150+00:00,0.0,0.0,0.0,0.0,0.0,0.0,,,,,,,0.0,0.0,0.0,,0.0,0.0,0.0,
16.43,0.0,12.0,4.43,0.0,0,1,20.14,0,0,seattle,2026-05-24T14:10:26.706565+00:00,0.0,0.0,0.0,0.0,0.0,0.0,,,,,,,0.0,0.0,0.0,,0.0,0.0,0.0,
6.49,0.0,0.0,6.49,0.0,0,0,29.5,0,0,boston,2026-05-25T11:02:26.803442+00:00,0.0,0.0,0.0,0.0,0.0,0.0,,,,,,LIFR,0.25,13.0,4.0,Logan International: LIFR; Manchester-Boston Regional: IFR; Worcester Regional: LIFR; T.F. Green: LIFR,0.0,0.0,0.0,
0.0,0.0,0.0,0.0,0.0,0,0,0.0,0,0,amsterdam,2026-05-24T14:09:58.399604+00:00,0.0,0.0,0.0,0.0,0.0,0.0,,,,,,,0.0,0.0,0.0,,0.0,0.0,0.0,
0.0,0.0,0.0,0.0,0.0,0,0,0.0,0,0,dubai,2026-05-25T11:02:28.120142+00:00,0.0,0.0,0.0,0.0,0.0,0.0,,,,,,VFR,0.0,5.0,3.0,Dubai International: VFR; Al Maktoum: VFR; Sharjah: VFR,0.0,0.0,0.0,
0.45,0.0,0.0,0.45,0.0,0,0,2.06,0,0,vancouver,2026-05-24T14:10:33.768887+00:00,0.0,0.0,0.0,0.0,0.0,0.0,,,,,,,0.0,0.0,0.0,,0.0,0.0,0.0,
