city,snapshot_at,hex_id,neighborhood,event_category,event_id,event_name,location,start_date,end_date
nyc,2026-05-25T11:02:20.017829+00:00,,Manhattan,Shooting Permit,918869,Shooting Permit,,,2026-02-20T01:00:00.000
nyc,2026-05-25T11:02:20.017829+00:00,,Manhattan,Shooting Permit,894297,Shooting Permit,,,2025-10-11T02:30:00.000
nyc,2026-05-25T11:02:20.017829+00:00,,Manhattan,Shooting Permit,878555,Shooting Permit,,,2025-08-01T03:00:00.000
nyc,2026-05-25T11:02:20.017829+00:00,,Manhattan,Shooting Permit,888142,Shooting Permit,,,2025-09-13T04:00:00.000
nyc,2026-05-25T11:02:20.017829+00:00,,Queens,Shooting Permit,918500,Shooting Permit,,,2026-02-14T03:00:00.000
nyc,2026-05-25T11:02:20.017829+00:00,,Manhattan,Shooting Permit,917658,Shooting Permit,,,2026-02-07T02:00:00.000
nyc,2026-05-25T11:02:20.017829+00:00,,Manhattan,Shooting Permit,917316,Shooting Permit,,,2026-02-06T03:00:00.000
nyc,2026-05-25T11:02:20.017829+00:00,,Brooklyn,Shooting Permit,913905,Shooting Permit,,,2026-01-29T20:00:00.000
nyc,2026-05-25T11:02:20.017829+00:00,,Brooklyn,Shooting Permit,823837,Shooting Permit,,,2024-12-10T01:00:00.000
nyc,2026-05-25T11:02:20.017829+00:00,,Manhattan,Shooting Permit,906519,Shooting Permit,,,2025-12-21T14:00:00.000
nyc,2026-05-25T11:02:20.017829+00:00,,Manhattan,Shooting Permit,903701,Shooting Permit,,,2025-12-14T20:00:00.000
nyc,2026-05-25T11:02:20.017829+00:00,,Bronx,Shooting Permit,904687,Shooting Permit,,,2025-12-11T20:00:00.000
nyc,2026-05-25T11:02:20.017829+00:00,,Brooklyn,Shooting Permit,903540,Shooting Permit,,,2025-12-06T03:00:00.000
nyc,2026-05-25T11:02:20.017829+00:00,,Queens,Shooting Permit,902176,Shooting Permit,,,2025-12-05T01:00:00.000
nyc,2026-05-25T11:02:20.017829+00:00,,Bronx,Shooting Permit,903194,Shooting Permit,,,2025-12-04T01:00:00.000
nyc,2026-05-25T11:02:20.017829+00:00,,Manhattan,Shooting Permit,899746,Shooting Permit,,,2025-12-03T04:00:00.000
nyc,2026-05-25T11:02:20.017829+00:00,,Manhattan,Shooting Permit,899742,Shooting Permit,,,2025-12-02T04:00:00.000
nyc,2026-05-25T11:02:20.017829+00:00,,Manhattan,Theater Load in and Load Outs,901170,Theater Load in and Load Outs,,,2025-11-19T23:59:00.000
nyc,2026-05-25T11:02:20.017829+00:00,,Manhattan,Shooting Permit,899619,Shooting Permit,,,2025-11-14T17:00:00.000
nyc,2026-05-25T11:02:20.017829+00:00,,Manhattan,Shooting Permit,899544,Shooting Permit,,,2025-11-15T02:00:00.000
nyc,2026-05-25T11:02:20.017829+00:00,,Brooklyn,Shooting Permit,899626,Shooting Permit,,,2025-11-13T20:00:00.000
nyc,2026-05-25T11:02:20.017829+00:00,,Brooklyn,Shooting Permit,898594,Shooting Permit,,,2025-11-11T23:59:00.000
nyc,2026-05-25T11:02:20.017829+00:00,,Manhattan,Shooting Permit,898585,Shooting Permit,,,2025-11-10T12:00:00.000
nyc,2026-05-25T11:02:20.017829+00:00,,Manhattan,Shooting Permit,897721,Shooting Permit,,,2025-11-04T01:00:00.000
nyc,2026-05-25T11:02:20.017829+00:00,,Brooklyn,Shooting Permit,898030,Shooting Permit,,,2025-11-01T23:59:00.000
nyc,2026-05-25T11:02:20.017829+00:00,,Manhattan,Shooting Permit,895413,Shooting Permit,,,2025-11-04T01:00:00.000
nyc,2026-05-25T11:02:20.017829+00:00,,Manhattan,Shooting Permit,897390,Shooting Permit,,,2025-10-31T01:00:00.000
nyc,2026-05-25T11:02:20.017829+00:00,,Manhattan,Shooting Permit,897152,Shooting Permit,,,2025-10-30T01:00:00.000
nyc,2026-05-25T11:02:20.017829+00:00,,Manhattan,Shooting Permit,897593,Shooting Permit,,,2025-10-30T12:00:00.000
nyc,2026-05-25T11:02:20.017829+00:00,,Brooklyn,Shooting Permit,895777,Shooting Permit,,,2025-10-25T03:00:00.000
nyc,2026-05-25T11:02:20.017829+00:00,,Queens,Shooting Permit,895561,Shooting Permit,,,2025-10-25T04:30:00.000
nyc,2026-05-25T11:02:20.017829+00:00,,Manhattan,Shooting Permit,895828,Shooting Permit,,,2025-10-24T01:00:00.000
nyc,2026-05-25T11:02:20.017829+00:00,,Brooklyn,Shooting Permit,895775,Shooting Permit,,,2025-10-24T04:00:00.000
nyc,2026-05-25T11:02:20.017829+00:00,,Brooklyn,Shooting Permit,898587,Shooting Permit,,,2025-11-10T23:59:00.000
nyc,2026-05-25T11:02:20.017829+00:00,,Brooklyn,Shooting Permit,894448,Shooting Permit,,,2025-10-18T02:00:00.000
nyc,2026-05-25T11:02:20.017829+00:00,,Brooklyn,Shooting Permit,894447,Shooting Permit,,,2025-10-17T02:00:00.000
nyc,2026-05-25T11:02:20.017829+00:00,,Manhattan,Shooting Permit,894649,Shooting Permit,,,2025-10-16T03:00:00.000
nyc,2026-05-25T11:02:20.017829+00:00,,Manhattan,Shooting Permit,895566,Shooting Permit,,,2025-10-25T04:00:00.000
nyc,2026-05-25T11:02:20.017829+00:00,,Queens,Shooting Permit,893481,Shooting Permit,,,2025-10-10T23:00:00.000
nyc,2026-05-25T11:02:20.017829+00:00,,Manhattan,Shooting Permit,893835,Shooting Permit,,,2025-10-09T01:30:00.000
nyc,2026-05-25T11:02:20.017829+00:00,,Manhattan,Shooting Permit,893096,Shooting Permit,,,2025-10-04T02:00:00.000
nyc,2026-05-25T11:02:20.017829+00:00,,Queens,Shooting Permit,893350,Shooting Permit,,,2025-10-03T21:00:00.000
nyc,2026-05-25T11:02:20.017829+00:00,,Manhattan,Shooting Permit,898923,Shooting Permit,,,2025-11-07T23:00:00.000
nyc,2026-05-25T11:02:20.017829+00:00,,Manhattan,Shooting Permit,892871,Shooting Permit,,,2025-10-03T01:00:00.000
nyc,2026-05-25T11:02:20.017829+00:00,,Manhattan,Shooting Permit,893027,Shooting Permit,,,2025-10-03T02:00:00.000
nyc,2026-05-25T11:02:20.017829+00:00,,Queens,Shooting Permit,892225,Shooting Permit,,,2025-10-03T02:00:00.000
nyc,2026-05-25T11:02:20.017829+00:00,,Manhattan,Shooting Permit,892610,Shooting Permit,,,2025-10-02T03:00:00.000
nyc,2026-05-25T11:02:20.017829+00:00,,Manhattan,Shooting Permit,893252,Shooting Permit,,,2025-10-10T03:30:00.000
nyc,2026-05-25T11:02:20.017829+00:00,,Brooklyn,Shooting Permit,889105,Shooting Permit,,,2025-10-01T23:59:00.000
nyc,2026-05-25T11:02:20.017829+00:00,,Manhattan,Shooting Permit,891756,Shooting Permit,,,2025-09-27T02:00:00.000
nyc,2026-05-25T11:02:20.017829+00:00,,Manhattan,Shooting Permit,894305,Shooting Permit,,,2025-10-12T01:00:00.000
nyc,2026-05-25T11:02:20.017829+00:00,,Brooklyn,Shooting Permit,892977,Shooting Permit,,,2025-10-07T20:00:00.000
nyc,2026-05-25T11:02:20.017829+00:00,,Manhattan,Shooting Permit,890472,Shooting Permit,,,2025-09-19T23:00:00.000
nyc,2026-05-25T11:02:20.017829+00:00,,Manhattan,Shooting Permit,889515,Shooting Permit,,,2025-09-20T02:00:00.000
nyc,2026-05-25T11:02:20.017829+00:00,,Brooklyn,Shooting Permit,892199,Shooting Permit,,,2025-09-29T12:00:00.000
nyc,2026-05-25T11:02:20.017829+00:00,,Manhattan,Shooting Permit,889405,Shooting Permit,,,2025-09-13T02:00:00.000
nyc,2026-05-25T11:02:20.017829+00:00,,Manhattan,Shooting Permit,769740,Shooting Permit,,,2024-03-22T06:00:00.000
nyc,2026-05-25T11:02:20.017829+00:00,,Brooklyn,Shooting Permit,777135,Shooting Permit,,,2024-04-20T03:00:00.000
nyc,2026-05-25T11:02:20.017829+00:00,,Brooklyn,Shooting Permit,778965,Shooting Permit,,,2024-04-27T01:00:00.000
nyc,2026-05-25T11:02:20.017829+00:00,,Manhattan,Shooting Permit,713548,Shooting Permit,,,2023-05-06T03:00:00.000
nyc,2026-05-25T11:02:20.017829+00:00,,Manhattan,Shooting Permit,733944,Shooting Permit,,,2023-08-25T23:00:00.000
nyc,2026-05-25T11:02:20.017829+00:00,,Manhattan,Shooting Permit,855645,Shooting Permit,,,2025-05-05T05:00:00.000
nyc,2026-05-25T11:02:20.017829+00:00,,Manhattan,Shooting Permit,703375,Shooting Permit,,,2023-03-31T03:00:00.000
nyc,2026-05-25T11:02:20.017829+00:00,,Manhattan,Shooting Permit,840306,Shooting Permit,,,2025-03-16T19:00:00.000
nyc,2026-05-25T11:02:20.017829+00:00,,Manhattan,Shooting Permit,849382,Shooting Permit,,,2025-04-29T23:59:00.000
nyc,2026-05-25T11:02:20.017829+00:00,,Manhattan,Shooting Permit,751167,Shooting Permit,,,2023-12-01T22:30:00.000
nyc,2026-05-25T11:02:20.017829+00:00,,Manhattan,Shooting Permit,735607,Shooting Permit,,,2023-08-23T23:00:00.000
nyc,2026-05-25T11:02:20.017829+00:00,,Queens,Shooting Permit,886277,Shooting Permit,,,2025-09-02T03:00:00.000
nyc,2026-05-25T11:02:20.017829+00:00,,Manhattan,Shooting Permit,807966,Shooting Permit,,,2024-09-07T04:00:00.000
nyc,2026-05-25T11:02:20.017829+00:00,,Manhattan,Shooting Permit,841258,Shooting Permit,,,2025-03-16T23:59:00.000
nyc,2026-05-25T11:02:20.017829+00:00,,Manhattan,Shooting Permit,815104,Shooting Permit,,,2024-10-16T06:00:00.000
nyc,2026-05-25T11:02:20.017829+00:00,,Manhattan,Shooting Permit,743949,Shooting Permit,,,2023-10-07T23:59:00.000
nyc,2026-05-25T11:02:20.017829+00:00,,Queens,Shooting Permit,723658,Shooting Permit,,,2023-06-15T12:00:00.000
nyc,2026-05-25T11:02:20.017829+00:00,,Manhattan,Shooting Permit,793191,Shooting Permit,,,2024-06-18T23:59:00.000
nyc,2026-05-25T11:02:20.017829+00:00,,Manhattan,Shooting Permit,767315,Shooting Permit,,,2024-03-08T23:59:00.000
nyc,2026-05-25T11:02:20.017829+00:00,,Bronx,Shooting Permit,704677,Shooting Permit,,,2023-04-06T03:00:00.000
nyc,2026-05-25T11:02:20.017829+00:00,,Manhattan,Shooting Permit,839280,Shooting Permit,,,2025-03-06T12:00:00.000
nyc,2026-05-25T11:02:20.017829+00:00,,Manhattan,Shooting Permit,764961,Shooting Permit,,,2024-03-07T02:00:00.000
nyc,2026-05-25T11:02:20.017829+00:00,,Brooklyn,Shooting Permit,806738,Shooting Permit,,,2024-08-30T12:00:00.000
nyc,2026-05-25T11:02:20.017829+00:00,,Manhattan,Shooting Permit,771602,Shooting Permit,,,2024-03-29T12:00:00.000
nyc,2026-05-25T11:02:20.017829+00:00,,Bronx,Shooting Permit,789719,Shooting Permit,,,2024-06-10T02:00:00.000
nyc,2026-05-25T11:02:20.017829+00:00,,Queens,Shooting Permit,837337,Shooting Permit,,,2025-03-03T22:00:00.000
nyc,2026-05-25T11:02:20.017829+00:00,,Queens,Shooting Permit,695381,Shooting Permit,,,2023-02-14T05:00:00.000
nyc,2026-05-25T11:02:20.017829+00:00,,Manhattan,Shooting Permit,809067,Shooting Permit,,,2024-09-06T20:00:00.000
nyc,2026-05-25T11:02:20.017829+00:00,,Manhattan,Shooting Permit,783641,Shooting Permit,,,2024-05-18T20:00:00.000
nyc,2026-05-25T11:02:20.017829+00:00,,Manhattan,Rigging Permit,778886,Rigging Permit,,,2024-04-24T19:00:00.000
nyc,2026-05-25T11:02:20.017829+00:00,,Manhattan,Shooting Permit,745955,Shooting Permit,,,2023-11-07T21:00:00.000
nyc,2026-05-25T11:02:20.017829+00:00,,Brooklyn,Shooting Permit,805279,Shooting Permit,,,2024-08-17T03:00:00.000
nyc,2026-05-25T11:02:20.017829+00:00,,Brooklyn,Shooting Permit,708311,Shooting Permit,,,2023-04-21T02:00:00.000
nyc,2026-05-25T11:02:20.017829+00:00,,Manhattan,Shooting Permit,751441,Shooting Permit,,,2023-12-01T02:00:00.000
nyc,2026-05-25T11:02:20.017829+00:00,,Bronx,Shooting Permit,765792,Shooting Permit,,,2024-03-06T22:00:00.000
nyc,2026-05-25T11:02:20.017829+00:00,,Manhattan,Shooting Permit,736157,Shooting Permit,,,2023-08-21T23:59:00.000
nyc,2026-05-25T11:02:20.017829+00:00,,Brooklyn,Shooting Permit,881036,Shooting Permit,,,2025-08-13T02:00:00.000
nyc,2026-05-25T11:02:20.017829+00:00,,Brooklyn,Shooting Permit,713316,Shooting Permit,,,2023-05-06T03:00:00.000
nyc,2026-05-25T11:02:20.017829+00:00,,Brooklyn,Shooting Permit,841073,Shooting Permit,,,2025-03-14T22:00:00.000
nyc,2026-05-25T11:02:20.017829+00:00,,Manhattan,Shooting Permit,804355,Shooting Permit,,,2024-08-16T04:00:00.000
nyc,2026-05-25T11:02:20.017829+00:00,,Manhattan,Shooting Permit,725231,Shooting Permit,,,2023-06-23T03:00:00.000
nyc,2026-05-25T11:02:20.017829+00:00,,Manhattan,Shooting Permit,689589,Shooting Permit,,,2023-01-13T23:00:00.000
nyc,2026-05-25T11:02:20.017829+00:00,,Queens,Shooting Permit,774198,Shooting Permit,,,2024-04-20T02:00:00.000
nyc,2026-05-25T11:02:20.017829+00:00,,Manhattan,Shooting Permit,893119,Shooting Permit,,,2025-10-04T23:59:00.000
