city,snapshot_at,hex_id,neighborhood,alert_id,headline,short_description,severity,service,alert_category
chicago,2026-05-25T11:02:16.622299+00:00,hex_840_942,Lincoln Park,93306,Temporary Bus Stop Change,The SB #22 and #24 bus stop mid-block on Clark between Madison and Monroe will be temporarily discontinued. Use Clark/Randolph or Clark/Adams for SB buses.,0.0,,stop_change
chicago,2026-05-25T11:02:16.622299+00:00,hex_837_941,Loop,97115,Temporary Reroute,"EB #7 via Harrison, Jefferson, and Jackson. NB #37 via Van Buren, Clinton, Harrison, Jefferson, and Jackson. WB #7 and SB #37 buses are not affected.",0.0,,reroute
chicago,2026-05-25T11:02:16.622299+00:00,hex_837_941,Loop,98479,Temporary Bus Stop Change,The SB #22 and #24 bus stop on the SW corner at Clark/Lake will be temporarily discontinued.,0.0,,stop_change
chicago,2026-05-25T11:02:16.622299+00:00,hex_833_938,Hyde Park,109401,Temporary Reroute,"#N5 and #67 buses will operate in both directions via 67th, Cottage Grove, Marquette, Stony Island, and 67th.",0.0,,reroute
chicago,2026-05-25T11:02:16.622299+00:00,hex_841_942,Lakeview,109706,Temporary Reroute,"NB #146 and #148 buses will operate via State, Wacker Drive, and East Wacker Place, then resume their normal route on Michigan.",0.0,,reroute
chicago,2026-05-25T11:02:16.622299+00:00,hex_840_942,Lincoln Park,110280,Temporary Reroute,"EB #73 via Cortland, Elston, North, Kingsbury, Clifton, Clybourn, and Racine. WB via Racine, Clybourn, Sheffield, North Avenue, Elston, and Cortland.",0.0,,reroute
chicago,2026-05-25T11:02:16.622299+00:00,hex_833_938,Hyde Park,110324,Temporary Reroute,"EB #66 buses will operate via Chicago, Milwaukee, Grand, Orleans, and Chicago. WB buses will operate via Chicago, Wells, Grand, Milwaukee and Chicago.",0.0,,reroute
chicago,2026-05-25T11:02:16.622299+00:00,hex_836_939,West Side,110415,Temporary Reroute,"#126 buses will operate in both directions via Jackson, Cicero, Madison, Kostner, and Jackson.",0.0,,reroute
chicago,2026-05-25T11:02:16.622299+00:00,hex_837_941,Loop,110419,Temporary Reroute,"NB #125 buses will operate via Jefferson, Washington, and Franklin, then resume their normal route on Orleans.",0.0,,reroute
chicago,2026-05-25T11:02:16.622299+00:00,hex_841_942,Uptown,110566,Temporary Reroute,"SB 11, 49B buses operate via Western, Wilson, Lincoln, Montrose, Western, ending at Western/Eastwood. Buses will not stop at the Brown Line bus terminal.",0.0,,reroute
chicago,2026-05-25T11:02:16.622299+00:00,hex_839_943,Wicker Park,111296,Temporary Reroute,"#8 buses will operate in both directions via Halsted, Division, Elston, Milwaukee and Halsted.",0.0,,reroute
chicago,2026-05-25T11:02:16.622299+00:00,hex_835_939,Bridgeport,111350,Temporary Bus Stop Change,The WB #39 bus stop on the NE corner at Pershing/Morgan will be temporarily relocated to the NW corner at Pershing/Morgan.,0.0,,stop_change
chicago,2026-05-25T11:02:16.622299+00:00,hex_833_938,Hyde Park,112013,Temporary Reroute,"EB #60 buses will operate via Harrison and Jefferson, then resume their normal route on Washington.",0.0,,reroute
chicago,2026-05-25T11:02:16.622299+00:00,hex_835_941,South Loop,112014,Temporary Reroute,"NB #192 buses will operate via Roosevelt, and Jefferson, ending their trips at Jefferson/Washington.",0.0,,reroute
chicago,2026-05-25T11:02:16.622299+00:00,hex_837_941,Loop,112017,Temporary Reroute,"WB #124 buses will operate via Madison and Clinton, on Clinton bw Adams and Quincy. EB via Clinton, Van Buren, Jefferson, and Washington.",0.0,,reroute
chicago,2026-05-25T11:02:16.622299+00:00,hex_837_941,Loop,112018,Temporary Reroute,"NB #157 buses will operate via Taylor, and Jefferson, then resume their normal route on Washington.",0.0,,reroute
chicago,2026-05-25T11:02:16.622299+00:00,hex_837_941,Loop,112148,State/Lake Elevated Station Temporary Closure,"Effective, now, the State/Lake Loop Elevated station is closed for reconstruction into 2029. Please use adjacent stations at Clark/Lake or Washington/Wabash.",0.0,,station
chicago,2026-05-25T11:02:16.622299+00:00,hex_837_941,Loop,112506,State/Lake Elevated Station Temporary Closure,"Effective, now, the State/Lake Loop Elevated station is closed for reconstruction into 2029. Please use adjacent stations at Clark/Lake or Washington/Wabash.",0.0,,station
chicago,2026-05-25T11:02:16.622299+00:00,hex_835_941,South Loop,113486,Temporary Bus Stop Change,The NB #29 bus stop on the SE corner at State/23rd will be temp discontinued. Board/exit NB #29 buses at State/Cermak or State/24th.,0.0,,stop_change
chicago,2026-05-25T11:02:16.622299+00:00,citywide,citywide,113489,Temporary Bus Stop Change,The EB #72 bus stop on the NE corner at North/Taylor will be temporarily relocated to the NW corner.,0.0,,stop_change
chicago,2026-05-25T11:02:16.622299+00:00,hex_836_939,Austin,113869,"Austin Main Stationhouse Temporarily Closed, Use Mason Auxiliary Entrance",Austin Green Line station's main stationhouse will be temporarily closed. Use temporary entrance one block east of the main stationhouse at Mason Street.,0.0,,station
chicago,2026-05-25T11:02:16.622299+00:00,hex_833_938,Hyde Park,113885,CTA Service to the Beaches,"Effective Sun, Mar 29 thru mid-Aug, service to the lakefront and beaches will be expanded on the #35, #63, #72, and #78 bus routes on weekends and holidays.",0.0,,other
chicago,2026-05-25T11:02:16.622299+00:00,hex_842_945,Evanston,113892,Service for Weekday Cubs Games,Loop-bd Purple Line Express trains will stop at Sheridan for all weekday Cubs night games; Linden-bd trains will stop at Sheridan for weekday Cubs day games.,0.0,,other
chicago,2026-05-25T11:02:16.622299+00:00,hex_842_943,Rogers Park,113896,Service for 2026 Cubs Night Games and Wrigley Field Concerts,Additional svc from Howard will operate on the Yellow Line for Cubs night games and Wrigley Field concerts. Skokie-bound trains will operate until midnight.,0.0,,other
chicago,2026-05-25T11:02:16.622299+00:00,hex_839_943,Wicker Park,114026,Temporary Bus Stop Change,The EB #76 bus stop on the SE corner at Diversey/Halsted will be temporarily discontinued. Board/exit buses on the SW corner at Diversey/Halsted.,0.0,,stop_change
chicago,2026-05-25T11:02:16.622299+00:00,hex_835_941,South Loop,114177,Temporary Reroute,"NB #4 and #115 will operate via King Drive, and 107th, then resume their normal on Cottage Grove.",0.0,,reroute
chicago,2026-05-25T11:02:16.622299+00:00,hex_837_941,Loop,114213,Temporary Reroute,"SB State will be closed between Wacker and Randolph. Board SB 2, 6, 10, 29, 36, 62, and 146 buses at State/Washington. Board SB 148 at Michigan/South Water.",0.0,,reroute
chicago,2026-05-25T11:02:16.622299+00:00,hex_834_938,South Side,114233,Temporary Reroute,"EB #39 buses will operate via 41st, and Prairie, then resume their normal route on Pershing. WB buses will operate via 41st, Wabash, and Pershing.",0.0,,reroute
chicago,2026-05-25T11:02:16.622299+00:00,hex_837_941,Loop,114488,Bus Stop Change,The EB #20 bus stop on the southwest corner at Madison/Kildare will be eliminated. A new bus stop will be added on the southeast corner at Madison/Kildare.,0.0,,stop_change
chicago,2026-05-25T11:02:16.622299+00:00,hex_839_943,Wicker Park,114693,Temporary Reroute,"SB #56 buses will operate via Milwaukee, Kedzie, and Logan, then resume their normal route on Milwaukee.",0.0,,reroute
chicago,2026-05-25T11:02:16.622299+00:00,hex_839_943,Wicker Park,114694,Temporary Reroute,"SB #56 buses will operate via Milwaukee, Kedzie, and Logan, then resume their normal route on Milwaukee.",0.0,,reroute
chicago,2026-05-25T11:02:16.622299+00:00,hex_839_943,Wicker Park,114695,Temporary Reroute,"SB #56 buses will operate via Milwaukee, Kedzie, and Logan, then resume their normal route on Milwaukee.",0.0,,reroute
chicago,2026-05-25T11:02:16.622299+00:00,hex_839_943,Wicker Park,114696,Temporary Reroute,"SB #56 buses will operate via Milwaukee, Kedzie, and Logan, then resume their normal route on Milwaukee.",0.0,,reroute
chicago,2026-05-25T11:02:16.622299+00:00,hex_839_943,Wicker Park,114697,Temporary Reroute,"SB #56 buses will operate via Milwaukee, Kedzie, and Logan, then resume their normal route on Milwaukee.",0.0,,reroute
chicago,2026-05-25T11:02:16.622299+00:00,hex_839_943,Wicker Park,114698,Temporary Reroute,"SB #56 buses will operate via Milwaukee, Kedzie, and Logan, then resume their normal route on Milwaukee.",0.0,,reroute
chicago,2026-05-25T11:02:16.622299+00:00,hex_839_943,Wicker Park,114699,Temporary Reroute,"SB #56 buses will operate via Milwaukee, Kedzie, and Logan, then resume their normal route on Milwaukee.",0.0,,reroute
chicago,2026-05-25T11:02:16.622299+00:00,hex_839_943,Wicker Park,114700,Temporary Reroute,"SB #56 buses will operate via Milwaukee, Kedzie, and Logan, then resume their normal route on Milwaukee.",0.0,,reroute
chicago,2026-05-25T11:02:16.622299+00:00,hex_839_943,Wicker Park,114701,Temporary Reroute,"SB #56 buses will operate via Milwaukee, Kedzie, and Logan, then resume their normal route on Milwaukee.",0.0,,reroute
chicago,2026-05-25T11:02:16.622299+00:00,hex_839_943,Wicker Park,114702,Temporary Reroute,"SB #56 buses will operate via Milwaukee, Kedzie, and Logan, then resume their normal route on Milwaukee.",0.0,,reroute
chicago,2026-05-25T11:02:16.622299+00:00,hex_839_943,Wicker Park,114703,Temporary Reroute,"SB #56 buses will operate via Milwaukee, Kedzie, and Logan, then resume their normal route on Milwaukee.",0.0,,reroute
chicago,2026-05-25T11:02:16.622299+00:00,hex_839_943,Wicker Park,114704,Temporary Reroute,"SB #56 buses will operate via Milwaukee, Kedzie, and Logan, then resume their normal route on Milwaukee.",0.0,,reroute
chicago,2026-05-25T11:02:16.622299+00:00,hex_839_943,Wicker Park,114705,Temporary Reroute,"SB #56 buses will operate via Milwaukee, Kedzie, and Logan, then resume their normal route on Milwaukee.",0.0,,reroute
chicago,2026-05-25T11:02:16.622299+00:00,hex_839_943,Wicker Park,114706,Temporary Reroute,"SB #56 buses will operate via Milwaukee, Kedzie, and Logan, then resume their normal route on Milwaukee.",0.0,,reroute
chicago,2026-05-25T11:02:16.622299+00:00,hex_839_943,Wicker Park,114707,Temporary Reroute,"SB #56 buses will operate via Milwaukee, Kedzie, and Logan, then resume their normal route on Milwaukee.",0.0,,reroute
chicago,2026-05-25T11:02:16.622299+00:00,hex_839_943,Wicker Park,114708,Temporary Reroute,"SB #56 buses will operate via Milwaukee, Kedzie, and Logan, then resume their normal route on Milwaukee.",0.0,,reroute
chicago,2026-05-25T11:02:16.622299+00:00,hex_839_943,Wicker Park,114709,Temporary Reroute,"SB #56 buses will operate via Milwaukee, Kedzie, and Logan, then resume their normal route on Milwaukee.",0.0,,reroute
chicago,2026-05-25T11:02:16.622299+00:00,hex_839_943,Wicker Park,114710,Temporary Reroute,"SB #56 buses will operate via Milwaukee, Kedzie, and Logan, then resume their normal route on Milwaukee.",0.0,,reroute
chicago,2026-05-25T11:02:16.622299+00:00,hex_839_943,Wicker Park,114711,Temporary Reroute,"SB #56 buses will operate via Milwaukee, Kedzie, and Logan, then resume their normal route on Milwaukee.",0.0,,reroute
chicago,2026-05-25T11:02:16.622299+00:00,hex_839_943,Wicker Park,114712,Temporary Reroute,"SB #56 buses will operate via Milwaukee, Kedzie, and Logan, then resume their normal route on Milwaukee.",0.0,,reroute
chicago,2026-05-25T11:02:16.622299+00:00,hex_839_943,Wicker Park,114713,Temporary Reroute,"SB #56 buses will operate via Milwaukee, Kedzie, and Logan, then resume their normal route on Milwaukee.",0.0,,reroute
chicago,2026-05-25T11:02:16.622299+00:00,hex_839_943,Wicker Park,114714,Temporary Reroute,"SB #56 buses will operate via Milwaukee, Kedzie, and Logan, then resume their normal route on Milwaukee.",0.0,,reroute
chicago,2026-05-25T11:02:16.622299+00:00,hex_839_943,Wicker Park,114715,Temporary Reroute,"SB #56 buses will operate via Milwaukee, Kedzie, and Logan, then resume their normal route on Milwaukee.",0.0,,reroute
chicago,2026-05-25T11:02:16.622299+00:00,hex_840_942,Lincoln Park,114717,Temporary Bus Stop Change,The SB #22 bus stop on the northwest corner at Clark/Kinzie will be temporarily discontinued. Board/exit buses at Clark/Grand.,0.0,,stop_change
chicago,2026-05-25T11:02:16.622299+00:00,hex_833_938,Hyde Park,114793,Temporary Bus Stop Change,The WB #62 bus stop on the NE corner at Archer/Francisco will be temporarily discontinued. Board/exit buses at Archer/Sacramento or Archer/California.,0.0,,stop_change
chicago,2026-05-25T11:02:16.622299+00:00,hex_833_938,Hyde Park,114875,Temporary Bus Stop Change,"The NB #2, #6 and #28 bus stop on the NE corner at Lake Park/47th will be temporarily relocated north of the terminal driveway.",0.0,,stop_change
chicago,2026-05-25T11:02:16.622299+00:00,hex_833_938,Hyde Park,114876,Temporary Reroute,"NB #172 buses will operate via Woodlawn, 55th, Cottage Grove, Hyde Park. SB buses will operate via Hyde Park, Cottage Grove, 55th, and Ellis.",0.0,,reroute
chicago,2026-05-25T11:02:16.622299+00:00,hex_840_943,Albany Park,114893,Western Kimball-bound Platform Elevator Out of Service,The Kimball-bound platform elevator at the Western station is temporarily out of service.,0.0,,accessibility
chicago,2026-05-25T11:02:16.622299+00:00,hex_840_942,Lincoln Park,114896,Temporary Reroute,"WB #119 buses will operate via 119th, Western, ending trips on Western bw 119th and 118th. EB via Western, 118th, Oakley, and 119th.",0.0,,reroute
chicago,2026-05-25T11:02:16.622299+00:00,hex_834_939,Pilsen,114904,Bus Substitution Between Pulaski and 54th/Cermak Stations,Shuttle buses will replace Pink Line service between Pulaski and 54th/Cermak.,0.0,,station
chicago,2026-05-25T11:02:16.622299+00:00,hex_833_938,Hyde Park,114928,Temporary Reroute,"#2, #6, #10, #J14, #26, and #28  buses will be rerouted due to the Suenos Music Festival. Visit transitchicago.com/alerts for details.",0.0,,reroute
chicago,2026-05-25T11:02:16.622299+00:00,hex_836_939,West Side,114929,Temporary Reroute,"#7, #126, #143, and #147 buses will be rerouted during the Suenos Music Festival. Visit transitchicago.com for details.",0.0,,reroute
chicago,2026-05-25T11:02:16.622299+00:00,hex_839_943,Wicker Park,114930,Temporary Reroute,"#70 buses will operate in both directions via Division, Western, Chicago, Damen and Division.",0.0,,reroute
chicago,2026-05-25T11:02:16.622299+00:00,hex_835_941,South Loop,114934,Subway trains rerouted to elevated tracks,Red Line subway trains will be rerouted to the elevated tracks between Cermak-Chinatown and Fullerton in both directions.,0.0,,reroute
chicago,2026-05-25T11:02:16.622299+00:00,hex_837_941,Loop,114936,Temporary Reroute,"EB #70 buses will operate via Division, Wells, Oak, and Dearborn. WB buses will operate via Clark, Oak, Wells, and Division.",0.0,,reroute
chicago,2026-05-25T11:02:16.622299+00:00,hex_837_941,Loop,114937,Temporary Reroute,"EB #70 buses will operate via Division, Wells, Oak, and Dearborn. WB buses will operate via Clark, Oak, Wells, and Division.",0.0,,reroute
chicago,2026-05-25T11:02:16.622299+00:00,hex_837_941,Loop,114938,Temporary Reroute,"EB #70 buses will operate via Division, Wells, Oak, and Dearborn. WB buses will operate via Clark, Oak, Wells, and Division.",0.0,,reroute
chicago,2026-05-25T11:02:16.622299+00:00,hex_837_941,Loop,114939,Temporary Reroute,"EB #70 buses will operate via Division, Wells, Oak, and Dearborn. WB buses will operate via Clark, Oak, Wells, and Division.",0.0,,reroute
chicago,2026-05-25T11:02:16.622299+00:00,hex_837_941,Loop,114940,Temporary Reroute,"EB #70 buses will operate via Division, Wells, Oak, and Dearborn. WB buses will operate via Clark, Oak, Wells, and Division.",0.0,,reroute
chicago,2026-05-25T11:02:16.622299+00:00,hex_837_941,Loop,114941,Temporary Reroute,"EB #70 buses will operate via Division, Wells, Oak, and Dearborn. WB buses will operate via Clark, Oak, Wells, and Division.",0.0,,reroute
chicago,2026-05-25T11:02:16.622299+00:00,hex_837_941,Loop,114942,Temporary Reroute,"EB #70 buses will operate via Division, Wells, Oak, and Dearborn. WB buses will operate via Clark, Oak, Wells, and Division.",0.0,,reroute
chicago,2026-05-25T11:02:16.622299+00:00,hex_837_941,Loop,114943,Temporary Reroute,"EB #70 buses will operate via Division, Wells, Oak, and Dearborn. WB buses will operate via Clark, Oak, Wells, and Division.",0.0,,reroute
chicago,2026-05-25T11:02:16.622299+00:00,hex_837_941,Loop,114944,Temporary Reroute,"EB #70 buses will operate via Division, Wells, Oak, and Dearborn. WB buses will operate via Clark, Oak, Wells, and Division.",0.0,,reroute
chicago,2026-05-25T11:02:16.622299+00:00,hex_837_941,Loop,114945,Temporary Reroute,"EB #70 buses will operate via Division, Wells, Oak, and Dearborn. WB buses will operate via Clark, Oak, Wells, and Division.",0.0,,reroute
chicago,2026-05-25T11:02:16.622299+00:00,hex_837_941,Loop,114946,Temporary Reroute,"EB #70 buses will operate via Division, Wells, Oak, and Dearborn. WB buses will operate via Clark, Oak, Wells, and Division.",0.0,,reroute
chicago,2026-05-25T11:02:16.622299+00:00,hex_837_941,Loop,114947,Temporary Reroute,"EB #70 buses will operate via Division, Wells, Oak, and Dearborn. WB buses will operate via Clark, Oak, Wells, and Division.",0.0,,reroute
chicago,2026-05-25T11:02:16.622299+00:00,hex_837_941,Loop,114948,Temporary Reroute,"EB #70 buses will operate via Division, Wells, Oak, and Dearborn. WB buses will operate via Clark, Oak, Wells, and Division.",0.0,,reroute
chicago,2026-05-25T11:02:16.622299+00:00,hex_837_941,Loop,114949,Temporary Reroute,"EB #70 buses will operate via Division, Wells, Oak, and Dearborn. WB buses will operate via Clark, Oak, Wells, and Division.",0.0,,reroute
chicago,2026-05-25T11:02:16.622299+00:00,hex_837_941,Loop,114950,Temporary Reroute,"EB #70 buses will operate via Division, Wells, Oak, and Dearborn. WB buses will operate via Clark, Oak, Wells, and Division.",0.0,,reroute
chicago,2026-05-25T11:02:16.622299+00:00,hex_837_941,Loop,114951,Temporary Reroute,"EB #70 buses will operate via Division, Wells, Oak, and Dearborn. WB buses will operate via Clark, Oak, Wells, and Division.",0.0,,reroute
chicago,2026-05-25T11:02:16.622299+00:00,hex_837_941,Loop,114952,Temporary Reroute,"EB #70 buses will operate via Division, Wells, Oak, and Dearborn. WB buses will operate via Clark, Oak, Wells, and Division.",0.0,,reroute
chicago,2026-05-25T11:02:16.622299+00:00,hex_837_941,Loop,114953,Temporary Reroute,"EB #70 buses will operate via Division, Wells, Oak, and Dearborn. WB buses will operate via Clark, Oak, Wells, and Division.",0.0,,reroute
chicago,2026-05-25T11:02:16.622299+00:00,hex_837_941,Loop,114954,Temporary Reroute,"EB #70 buses will operate via Division, Wells, Oak, and Dearborn. WB buses will operate via Clark, Oak, Wells, and Division.",0.0,,reroute
chicago,2026-05-25T11:02:16.622299+00:00,hex_837_941,Loop,114955,Temporary Reroute,"EB #70 buses will operate via Division, Wells, Oak, and Dearborn. WB buses will operate via Clark, Oak, Wells, and Division.",0.0,,reroute
chicago,2026-05-25T11:02:16.622299+00:00,hex_837_941,Loop,114956,Temporary Reroute,"EB #70 buses will operate via Division, Wells, Oak, and Dearborn. WB buses will operate via Clark, Oak, Wells, and Division.",0.0,,reroute
chicago,2026-05-25T11:02:16.622299+00:00,hex_837_941,Loop,114957,Temporary Reroute,"EB #70 buses will operate via Division, Wells, Oak, and Dearborn. WB buses will operate via Clark, Oak, Wells, and Division.",0.0,,reroute
chicago,2026-05-25T11:02:16.622299+00:00,hex_837_941,Loop,114958,Temporary Reroute,"EB #70 buses will operate via Division, Wells, Oak, and Dearborn. WB buses will operate via Clark, Oak, Wells, and Division.",0.0,,reroute
chicago,2026-05-25T11:02:16.622299+00:00,hex_841_942,Lakeview,115010,Temporary Reroute,"WB #152 buses will operate via Addison, Pulaski, Irving Park and Laramie, then resume their normal route on Addison.",0.0,,reroute
chicago,2026-05-25T11:02:16.622299+00:00,hex_833_938,Hyde Park,115025,Temporary Reroute,"Board SB #6 buses on Michigan between Wacker and Madison, and between Balbo and Roosevelt.",0.0,,reroute
chicago,2026-05-25T11:02:16.622299+00:00,hex_835_941,South Loop,115026,Temporary Reroute,"Board SB #10 buses on Michigan between Wacker and Madison, and between Balbo and Roosevelt. Board NB #10 buses on State between Wacker and Ohio.",0.0,,reroute
chicago,2026-05-25T11:02:16.622299+00:00,hex_838_941,Magnificent Mile,115027,Temporary Reroute,"Board NB #J14 buses on Harrison bw Michigan-Franklin, and on Franklin bw Harrison-Madison. SB: on Clark bw Wash-Harrison, and on Harrison bw Clark-Michigan.",0.0,,reroute
chicago,2026-05-25T11:02:16.622299+00:00,hex_837_941,Loop,115028,Temporary Reroute,EB #20 and SB #56 buses will operate end their trips at Washington/Clark. WB #20 and NB #56 buses will begin their trips at Madison/Clark.,0.0,,reroute
chicago,2026-05-25T11:02:16.622299+00:00,hex_840_942,Lincoln Park,115029,Temporary Reroute,"NB #22 buses will operate via Dearborn, Ida B. Wells, State and Grand, then resume their normal route on Dearborn.",0.0,,reroute
chicago,2026-05-25T11:02:16.622299+00:00,hex_836_940,West Loop,115032,Temporary Reroute,"SB #29 buses will operate via Grand, Clark, and Harrison, then resume their normal route on State.",0.0,,reroute
chicago,2026-05-25T11:02:16.622299+00:00,hex_833_938,Hyde Park,115033,Temporary Reroute,"SB #36 buses will operate via State, Ontario, Clark, Harrison, end at the LaSalle Metra. NB trips begin at the LaSalle Metra, via Ida B. Wells and State.",0.0,,reroute
chicago,2026-05-25T11:02:16.622299+00:00,hex_833_938,Hyde Park,115034,Temporary Reroute,"EB #60 buses will operate via Washington, Clark, Harrison, Michigan to Washington, continue on Michigan. WB via Michigan, Harrison, Franklin, and Madison.",0.0,,reroute
chicago,2026-05-25T11:02:16.622299+00:00,hex_833_938,Hyde Park,115035,Temporary Reroute,"NB #62 buses will operate via State, and Kinzie, ending at Kinzie/Clark. SB buses will operate via Clark, Ida B. Wells, State.",0.0,,reroute
chicago,2026-05-25T11:02:16.622299+00:00,citywide,citywide,115036,Temporary Reroute,#124 buses will be rerouted due to the Memorial Day Parade. Visit transitchicago.com/alerts for details.,0.0,,reroute
chicago,2026-05-25T11:02:16.622299+00:00,hex_836_939,West Side,115037,Temporary Reroute,#126 buses will be rerouted due to the Memorial Day Parade. Visit transitchicago.com/alerts for details.,0.0,,reroute
chicago,2026-05-25T11:02:16.622299+00:00,hex_837_941,Loop,115038,Temporary Reroute,"NB #130 buses will operate via State, Harrison, and Franklin, then resume their normal route on Adams.",0.0,,reroute
chicago,2026-05-25T11:02:16.622299+00:00,hex_837_941,Loop,115041,Temporary Reroute,"SB #147 buses will end their trips at Michigan/Harrison. NB buses begin trips at Michigan/Harrison, via Harrison, Dearborn, Washington, and Michigan.",0.0,,reroute
chicago,2026-05-25T11:02:16.622299+00:00,hex_835_941,South Loop,115042,Temporary Reroute,"SB #151 buses will operate via Michigan, Harrison, Franklin, and Adams. NB buses will operate via Jackson, Clark, Ida B. Wells, State, and Washington.",0.0,,reroute
chicago,2026-05-25T11:02:16.622299+00:00,hex_841_942,Lakeview,115043,Temporary Reroute,#130 and #146 buses will operate in both directions via McFetridge Drive and the Field Museum (east service drive).,0.0,,reroute
chicago,2026-05-25T11:02:16.622299+00:00,hex_833_938,Hyde Park,115048,Temporary Reroute,"#68 buses will operate in both directions via Northwest Highway, Devon, Canfield-Ozanam, Ozark, and Northwest Highway.",0.0,,reroute
chicago,2026-05-25T11:02:16.622299+00:00,hex_839_943,Wicker Park,115053,111th/Throop Temporary Reroute near 111th/Throop,"111 King Dr/111th rr EB via 119th, Ashland, 115th & Halsted; WB via 111th, Halsted, 115th, Marshfield, then into terminal due to construction nr 111th/Throop.",0.0,,reroute
chicago,2026-05-25T11:02:16.622299+00:00,hex_839_943,Wicker Park,115054,Bus Stop Change,"The EB #80 stop on the SW corner, and the NB #X9 stop on the SE corner at Ashland/Irving Park will be eliminated; #X9 #80 consolidated stop added on SE corner.",0.0,,stop_change
chicago,2026-05-25T11:02:16.622299+00:00,citywide,citywide,115055,Temporary Reroute,"#103 buses will operate in both directions via 103rd, Western, 111th, Monterey, Vincennes and 103rd.",0.0,,reroute
chicago,2026-05-25T11:02:16.622299+00:00,hex_835_941,South Loop,115056,"Boarding Change, Delays Between Cermak-Chinatown and 47th","Red Line trains will operate on the same track between Cermak-Chinatown and 47th, resulting in a boarding change and minor delays.",0.0,,delay
chicago,2026-05-25T11:02:16.622299+00:00,hex_833_938,Hyde Park,115061,Temporary Reroute,"#60 buses will operate in both directions via 26th, California, Cermak, Western and Blue Island.",0.0,,reroute
chicago,2026-05-25T11:02:16.622299+00:00,hex_839_943,Logan Square,115070,Western Kimball-bound Platform Elevator Out of Service,"The Kimball-bound platform elevator at Western Brown Line stn is temporarily out of service. It is being upgraded to ensure continued safe, accessible service.",0.0,,accessibility
chicago,2026-05-25T11:02:16.622299+00:00,citywide,citywide,115082,Route Extension and Added Service,#10 route is renamed #10 Obama Presidential Center/Museum of Science & Industry Express. Route extended to serve Obama Pres Ctr and will operate year-round.,0.0,,other
chicago,2026-05-25T11:02:16.622299+00:00,citywide,citywide,115084,Earlier Weekend Morning Service,"Beginning Sun, Jun 7, #10 buses will operate earlier AM morning service  on Saturdays and Sundays/Holidays.",0.0,,other
chicago,2026-05-25T11:02:16.622299+00:00,hex_837_941,Loop,115085,Earlier Daily Morning Service,"Beginning Sun, Jun 7, #J14 buses will operate earlier AM morning service on Weekdays, Saturdays and Sundays/Holidays.",0.0,,other
chicago,2026-05-25T11:02:16.622299+00:00,hex_836_938,Oak Park,115086,"Boarding Change, Delays Between Harlem (Forest Park branch) and Austin","Blue Line trains will operate on the same track between Harlem (Forest Park branch) and Austin, resulting in a boarding change and minor delays.",0.0,,delay
chicago,2026-05-25T11:02:16.622299+00:00,hex_836_938,Oak Park,115087,"Boarding Change, Delays Between Harlem (Forest Park branch) and Austin","Blue Line trains will operate on the same track between Harlem (Forest Park branch) and Austin, resulting in a boarding change and minor delays.",0.0,,delay
chicago,2026-05-25T11:02:16.622299+00:00,hex_837_941,Loop,115095,Elevator at Lake (Washington/Randolph Entrance) Temporarily Out-of-Service,The elevator to/from platform at Lake (Red Line) is temporarily out-of-service.,0.0,,accessibility
chicago,2026-05-25T11:02:16.622299+00:00,hex_833_938,Hyde Park,115097,Temporary Reroute,"#6 buses will operate in both directions via Stony Island, 63rd, Woodlawn, 61st, Cottage Grove, 55th, and Hyde Park.",0.0,,reroute
chicago,2026-05-25T11:02:16.622299+00:00,hex_833_938,Hyde Park,115098,Temporary Reroute,"NB #10 via 63rd, Blackstone, Woodlawn, 61st, Cottage, 55th, Hyde Park, 57th Dr. 
SB via Stony, 57th, 56th, Lake Pk, 55th, Cottage, 61st, Woodlawn, 63rd, Stony.",0.0,,reroute
chicago,2026-05-25T11:02:16.622299+00:00,hex_833_938,Hyde Park,115099,Temporary Reroute,"#6 buses will operate in both directions via Stony Island, 63rd, Woodlawn, 61st, Cottage Grove, 55th, and Lake Park.",0.0,,reroute
chicago,2026-05-25T11:02:16.622299+00:00,citywide,citywide,115100,Temporary Reroute,"EB #59 buses end trips at Dorchester/60th. WB buses begin trips at Dorchester/60th, via Dorchester, 60th, Woodlawn, and 61st.",0.0,,reroute
chicago,2026-05-25T11:02:16.622299+00:00,hex_834_939,Pilsen,115106,Elevator at Ashland/Lake Temporarily Out-of-Service,"An elevator needed to access the Harlem- and 54thCermak bound platform at Ashland (Green, Pink Lines) is temporarily out-of-service.",0.0,,accessibility
chicago,2026-05-25T11:02:16.622299+00:00,hex_834_940,Garfield Park,115109,Elevator at Central Temporarily Out-of-Service,The elevator at Central (Green Line) is temporarily out-of-service.,0.0,,accessibility
chicago,2026-05-25T11:02:16.622299+00:00,citywide,citywide,115115,Elevator at H. W. Library Temporarily Out-of-Service,"The elevator to/from street at H.W. Library (Brown, Pink, Orange, Purple) is temporarily out-of-service.",0.0,,accessibility
chicago,2026-05-25T11:02:16.622299+00:00,hex_842_943,Rogers Park,115122,Elevator at Howard Temporarily Out-of-Service,"The Linden- and- Skokie - bound platform elevator at Howard (Red, Purple, Yellow Lines) is temporarily out-of-service.",0.0,,accessibility
chicago,2026-05-25T11:02:16.622299+00:00,hex_841_942,Lakeview,115123,#77 Belmont Temporary Reroute at Belmont/Kilbourn,77 Belmont buses are temporarily rerouted due to a street blockage near Belmont/Kilbourn.,0.0,,reroute
chicago,2026-05-25T11:02:16.622299+00:00,hex_835_941,South Loop,115124,Elevator at 63rd Temporarily Out-of-Service,The elevator at 63rd (Red Line) is temporarily out-of-service.,0.0,,accessibility
chicago,2026-05-25T11:02:16.622299+00:00,hex_833_938,Hyde Park,115128,#60 Blue Island/26th Temporary Reroute at Racine/Roosevelt,"#60 Blue Island/26th buses are temporarily rerouted in both directions via Racine, Taylor, Ashland and Blue Island, due to police activity nr Racine/Roosevelt.",0.0,,reroute
chicago,2026-05-25T11:02:16.622299+00:00,hex_835_941,South Loop,115129,#12 Roosevelt Temporary Reroute at Roosevelt/Racine,"#12 Roosevelt buses are temporarily rerouted in both directions via Roosevelt, Ashland, Taylor and Roosevelt due to police activity near Roosevelt/Racine.",0.0,,reroute
chicago,2026-05-25T11:02:16.622299+00:00,hex_839_943,Wicker Park,115130,#55 Garfield Temporary Eastbound Reroute near Garfield/Oakley,"Eastbound 55 Garfield buses are temporarily rerouted via 55th, Western, 59th, Damen and 55th: due to, street blockage near Garfield/Oakley.",0.0,,reroute
chicago,2026-05-25T11:02:16.622299+00:00,hex_834_940,Garfield Park,115131,Elevator at Conservatory Temporarily Out-of-Service,The 63rd- bound platform elevator at Conservatory ( Green Line) is temporarily out-of-service.,0.0,,accessibility
chicago,2026-05-25T11:02:16.622299+00:00,hex_840_942,Lincoln Park,115135,Elevator at Paulina Temporarily Out-of-Service,The Loop- bound platform elevator at Paulina (Brown Line) is temporarily out-of-service.,0.0,,accessibility
chicago,2026-05-25T11:02:16.622299+00:00,hex_836_940,West Loop,115141,Elevator at Racine Temporarily Out-of-Service,The elevator at Racine (Blue Line) is temporarily out-of-service.,0.0,,accessibility
london,2026-05-25T11:02:18.552497+00:00,unmapped_westminster,Westminster,0,Bakerloo: Part Suspended,,3.0,tfl,other
london,2026-05-25T11:02:18.552497+00:00,unmapped_city_of_london,City of London,0,Central: Minor Delays,,9.0,tfl,delay
london,2026-05-25T11:02:18.552497+00:00,unmapped_city_of_london,City of London,0,Circle: Minor Delays,,9.0,tfl,delay
london,2026-05-25T11:02:18.552497+00:00,unmapped_westminster,Westminster,0,District: Part Closure,,5.0,tfl,other
london,2026-05-25T11:02:18.552497+00:00,unmapped_canary_wharf,Canary Wharf,0,DLR: Part Closure,,5.0,tfl,other
london,2026-05-25T11:02:18.552497+00:00,unmapped_west_end,West End,0,Hammersmith & City: Minor Delays,,9.0,tfl,delay
london,2026-05-25T11:02:18.552497+00:00,unmapped_canary_wharf,Canary Wharf,0,Jubilee: Minor Delays,,9.0,tfl,delay
london,2026-05-25T11:02:18.552497+00:00,unmapped_north_london,North London,0,Metropolitan: Severe Delays,,6.0,tfl,delay
london,2026-05-25T11:02:18.552497+00:00,unmapped_mildmay,Mildmay,0,Mildmay: Minor Delays,,9.0,tfl,delay
london,2026-05-25T11:02:18.552497+00:00,unmapped_west_end,West End,0,Northern: Minor Delays,,9.0,tfl,delay
london,2026-05-25T11:02:18.552497+00:00,unmapped_west_end,West End,0,Piccadilly: Minor Delays,,9.0,tfl,delay
london,2026-05-25T11:02:18.552497+00:00,unmapped_westminster,Westminster,0,Waterloo & City: Planned Closure,,4.0,tfl,other
london,2026-05-25T11:02:18.552497+00:00,unmapped_windrush,Windrush,0,Windrush: Minor Delays,,9.0,tfl,delay
london,2026-05-25T11:02:18.552497+00:00,unmapped_westminster,Westminster,0,Bakerloo: Minor Delays,signal failure,6.0,tfl,delay
london,2026-05-25T11:02:18.552497+00:00,unmapped_lioness,Lioness,0,Lioness: Severe Delays,,6.0,tfl,delay
